{"deviceType":"phone,tablet","checkEntry":"true","localPropertiesPath":"F:\\jd\\zhinengjiaju\\local.properties","Path":"F:\\nodejs\\","note":"false","aceProfilePath":"F:\\jd\\zhinengjiaju\\entry\\.preview\\default\\intermediates\\res\\default\\resources\\base\\profile","isPreview":"true","hapMode":"false","buildMode":"debug","img2bin":"true","projectProfilePath":"F:\\jd\\zhinengjiaju\\build-profile.json5","watchMode":"true","appResource":"F:\\jd\\zhinengjiaju\\entry\\.preview\\default\\intermediates\\res\\default\\ResourceTable.txt","logLevel":"3","stageRouterConfig":{"contents":["{\"module\":{\"pages\":\"$profile:main_pages\",\"name\":\"entry\"}}","{\"src\":[\"pages/Index\"]}"],"paths":["F:\\jd\\zhinengjiaju\\entry\\.preview\\default\\intermediates\\res\\default\\module.json","F:\\jd\\zhinengjiaju\\entry\\.preview\\default\\intermediates\\res\\default\\resources\\base\\profile\\main_pages.json"]},"port":"29901","aceBuildJson":"F:\\jd\\zhinengjiaju\\entry\\.preview\\default\\intermediates\\loader\\default\\loader.json","aceModuleRoot":"F:\\jd\\zhinengjiaju\\entry\\src\\main\\ets","aceSoPath":"F:\\jd\\zhinengjiaju\\entry\\.preview\\cache\\nativeDependencies.txt","cachePath":"F:\\jd\\zhinengjiaju\\entry\\.preview\\cache","aceModuleBuild":"F:\\jd\\zhinengjiaju\\entry\\.preview\\default\\intermediates\\assets\\default\\ets","aceSuperVisualPath":"F:\\jd\\zhinengjiaju\\entry\\src\\main\\supervisual","aceModuleJsonPath":"F:\\jd\\zhinengjiaju\\entry\\.preview\\default\\intermediates\\res\\default\\module.json"}