{"D:\\original_code\\harmony\\zhinengjiaju\\AppScope\\app.json5":{"hashValue":"4171ecd2d1502b9a4a7666c8a5bb1be3","name":"app.json5","path":"D:\\original_code\\harmony\\zhinengjiaju\\AppScope\\app.json5","type":"file","isSymbolicLink":false,"fileMetaData":{"size":219,"lastModifiedTime":1724146520901}},"D:\\original_code\\harmony\\zhinengjiaju\\entry\\src\\main\\module.json5":{"hashValue":"efb184f1b5af8e5c772790c93c65400b","name":"module.json5","path":"D:\\original_code\\harmony\\zhinengjiaju\\entry\\src\\main\\module.json5","type":"file","isSymbolicLink":false,"fileMetaData":{"size":934,"lastModifiedTime":1724146520949}},"D:\\original_code\\harmony\\zhinengjiaju\\entry\\.preview\\default\\intermediates\\merge_profile\\default\\module.json":{"hashValue":"29210c258a31d3be639876b537024d22","name":"module.json","path":"D:\\original_code\\harmony\\zhinengjiaju\\entry\\.preview\\default\\intermediates\\merge_profile\\default\\module.json","type":"file","isSymbolicLink":false,"fileMetaData":{"size":1062,"lastModifiedTime":1724146553247}},"D:\\original_code\\harmony\\zhinengjiaju\\entry\\.preview\\default\\intermediates\\loader\\default\\loader.json":{"hashValue":"1925e2e29ba006ff05da40b79c06e147","name":"loader.json","path":"D:\\original_code\\harmony\\zhinengjiaju\\entry\\.preview\\default\\intermediates\\loader\\default\\loader.json","type":"file","isSymbolicLink":false,"fileMetaData":{"size":369,"lastModifiedTime":1724146553256}},"D:\\original_code\\harmony\\zhinengjiaju\\entry\\.preview\\default\\intermediates\\process_profile\\default\\module.json":{"hashValue":"a1781fe6c5af7e4a2b01a4724f0b583e","name":"module.json","path":"D:\\original_code\\harmony\\zhinengjiaju\\entry\\.preview\\default\\intermediates\\process_profile\\default\\module.json","type":"file","isSymbolicLink":false,"fileMetaData":{"size":1147,"lastModifiedTime":1724146553528}},"D:\\original_code\\harmony\\zhinengjiaju\\entry\\src\\main\\resources":{"hashValue":"370a5a4e1957e42ec8accbae74c811d2","name":"resources","path":"D:\\original_code\\harmony\\zhinengjiaju\\entry\\src\\main\\resources","type":"directory","isSymbolicLink":false,"children":[{"hashValue":"657cf4a4ad1b79ce3a7eecc4d2c5ab12","name":"base","path":"D:\\original_code\\harmony\\zhinengjiaju\\entry\\src\\main\\resources\\base","type":"directory","isSymbolicLink":false,"children":[{"hashValue":"2e742c5520ef117d41fda5dca1c239cd","name":"element","path":"D:\\original_code\\harmony\\zhinengjiaju\\entry\\src\\main\\resources\\base\\element","type":"directory","isSymbolicLink":false,"children":[{"hashValue":"98727c986ca8b2d7a8b7a5a9cf399f6e","name":"color.json","path":"D:\\original_code\\harmony\\zhinengjiaju\\entry\\src\\main\\resources\\base\\element\\color.json","type":"file","isSymbolicLink":false,"fileMetaData":{"size":105,"lastModifiedTime":1724146517845}},{"hashValue":"a1bc7ddf474d148a0a7ee17ee6d143e7","name":"string.json","path":"D:\\original_code\\harmony\\zhinengjiaju\\entry\\src\\main\\resources\\base\\element\\string.json","type":"file","isSymbolicLink":false,"fileMetaData":{"size":247,"lastModifiedTime":1724146520934}}]},{"hashValue":"1e126640ef54e15d7863cf89471637d4","name":"media","path":"D:\\original_code\\harmony\\zhinengjiaju\\entry\\src\\main\\resources\\base\\media","type":"directory","isSymbolicLink":false,"children":[{"hashValue":"02b45d17bd6dcd013657419b662cd8f1","name":"icon.png","path":"D:\\original_code\\harmony\\zhinengjiaju\\entry\\src\\main\\resources\\base\\media\\icon.png","type":"file","isSymbolicLink":false,"fileMetaData":{"size":6790,"lastModifiedTime":1724146517863}}]},{"hashValue":"7fdad0e74015b172d366d18253076a42","name":"profile","path":"D:\\original_code\\harmony\\zhinengjiaju\\entry\\src\\main\\resources\\base\\profile","type":"directory","isSymbolicLink":false,"children":[{"hashValue":"966a3f81f03d14ed6272f2cdaceca95e","name":"main_pages.json","path":"D:\\original_code\\harmony\\zhinengjiaju\\entry\\src\\main\\resources\\base\\profile\\main_pages.json","type":"file","isSymbolicLink":false,"fileMetaData":{"size":37,"lastModifiedTime":1724146517920}}]}]},{"hashValue":"ff15b5ebc613f0bdd3b8a2849d450c64","name":"en_US","path":"D:\\original_code\\harmony\\zhinengjiaju\\entry\\src\\main\\resources\\en_US","type":"directory","isSymbolicLink":false,"children":[{"hashValue":"3d141c450e8a94a73c6ef910075e0806","name":"element","path":"D:\\original_code\\harmony\\zhinengjiaju\\entry\\src\\main\\resources\\en_US\\element","type":"directory","isSymbolicLink":false,"children":[{"hashValue":"a2da5c2b276275f1fcb7211e72568548","name":"string.json","path":"D:\\original_code\\harmony\\zhinengjiaju\\entry\\src\\main\\resources\\en_US\\element\\string.json","type":"file","isSymbolicLink":false,"fileMetaData":{"size":247,"lastModifiedTime":1724146520917}}]}]},{"hashValue":"0136767265d4fe190640b868d588d259","name":"rawfile","path":"D:\\original_code\\harmony\\zhinengjiaju\\entry\\src\\main\\resources\\rawfile","type":"directory","isSymbolicLink":false,"children":[{"hashValue":"8a2d0cbedc072c6977d4a66acbf304ad","name":"image","path":"D:\\original_code\\harmony\\zhinengjiaju\\entry\\src\\main\\resources\\rawfile\\image","type":"directory","isSymbolicLink":false,"children":[{"hashValue":"c837cf75d0ac3c0a7059575735e76921","name":"湿度.png","path":"D:\\original_code\\harmony\\zhinengjiaju\\entry\\src\\main\\resources\\rawfile\\image\\湿度.png","type":"file","isSymbolicLink":false,"fileMetaData":{"size":5110,"lastModifiedTime":1715522229862}},{"hashValue":"8bdd0a1ec5ae1d598bd58c8be9729cbb","name":"太阳.png","path":"D:\\original_code\\harmony\\zhinengjiaju\\entry\\src\\main\\resources\\rawfile\\image\\太阳.png","type":"file","isSymbolicLink":false,"fileMetaData":{"size":4347,"lastModifiedTime":1715521963107}},{"hashValue":"dc5e79fb0773248d0e78deddbf5f683f","name":"天气.png","path":"D:\\original_code\\harmony\\zhinengjiaju\\entry\\src\\main\\resources\\rawfile\\image\\天气.png","type":"file","isSymbolicLink":false,"fileMetaData":{"size":4852,"lastModifiedTime":1715522249080}},{"hashValue":"5a30a4afad33fea661dcea7f444a63c3","name":"温度.png","path":"D:\\original_code\\harmony\\zhinengjiaju\\entry\\src\\main\\resources\\rawfile\\image\\温度.png","type":"file","isSymbolicLink":false,"fileMetaData":{"size":3374,"lastModifiedTime":1715522196410}},{"hashValue":"11f2fc4029a8747d0ce4a1280d1f61bf","name":"abbn1(cked).png","path":"D:\\original_code\\harmony\\zhinengjiaju\\entry\\src\\main\\resources\\rawfile\\image\\abbn1(cked).png","type":"file","isSymbolicLink":false,"fileMetaData":{"size":2716,"lastModifiedTime":1715527187194}},{"hashValue":"50d3031bdfc35f962ccec3bee1b82e75","name":"abbn1(uncked).png","path":"D:\\original_code\\harmony\\zhinengjiaju\\entry\\src\\main\\resources\\rawfile\\image\\abbn1(uncked).png","type":"file","isSymbolicLink":false,"fileMetaData":{"size":2714,"lastModifiedTime":1715527192769}},{"hashValue":"e8397a7fadf25f85ca9ebc097330215a","name":"tabbtn2(cked).png","path":"D:\\original_code\\harmony\\zhinengjiaju\\entry\\src\\main\\resources\\rawfile\\image\\tabbtn2(cked).png","type":"file","isSymbolicLink":false,"fileMetaData":{"size":2171,"lastModifiedTime":1715526809482}},{"hashValue":"eccd931821056e92132200e47c22700f","name":"tabbtn2(uncked).png","path":"D:\\original_code\\harmony\\zhinengjiaju\\entry\\src\\main\\resources\\rawfile\\image\\tabbtn2(uncked).png","type":"file","isSymbolicLink":false,"fileMetaData":{"size":2208,"lastModifiedTime":1715526801819}},{"hashValue":"c5e8e9ff55f40cbb68ec79e4aa052997","name":"tabbtn3(cked).png","path":"D:\\original_code\\harmony\\zhinengjiaju\\entry\\src\\main\\resources\\rawfile\\image\\tabbtn3(cked).png","type":"file","isSymbolicLink":false,"fileMetaData":{"size":2451,"lastModifiedTime":1715527284533}},{"hashValue":"769b57792d4c9ff17f4e1f33c3888439","name":"tabbtn3(uncked).png","path":"D:\\original_code\\harmony\\zhinengjiaju\\entry\\src\\main\\resources\\rawfile\\image\\tabbtn3(uncked).png","type":"file","isSymbolicLink":false,"fileMetaData":{"size":2804,"lastModifiedTime":1715527291302}}]},{"hashValue":"114939b62926266e395a8445cece6a55","name":"imagefor1","path":"D:\\original_code\\harmony\\zhinengjiaju\\entry\\src\\main\\resources\\rawfile\\imagefor1","type":"directory","isSymbolicLink":false,"children":[{"hashValue":"c625a948773930d744ce960d07b7a703","name":"出门警戒.png","path":"D:\\original_code\\harmony\\zhinengjiaju\\entry\\src\\main\\resources\\rawfile\\imagefor1\\出门警戒.png","type":"file","isSymbolicLink":false,"fileMetaData":{"size":11881,"lastModifiedTime":1724209887159}},{"hashValue":"043bc67db9f42ccc5ff6df9b1776a4ca","name":"人脸识别.png","path":"D:\\original_code\\harmony\\zhinengjiaju\\entry\\src\\main\\resources\\rawfile\\imagefor1\\人脸识别.png","type":"file","isSymbolicLink":false,"fileMetaData":{"size":13082,"lastModifiedTime":1724209852743}},{"hashValue":"319a2e5d000e22b5eca2a12fcad4f419","name":"三横线.png","path":"D:\\original_code\\harmony\\zhinengjiaju\\entry\\src\\main\\resources\\rawfile\\imagefor1\\三横线.png","type":"file","isSymbolicLink":false,"fileMetaData":{"size":2301,"lastModifiedTime":1724212645259}},{"hashValue":"81815c4bda89493a2afcb16afbbf5ce4","name":"手势识别.png","path":"D:\\original_code\\harmony\\zhinengjiaju\\entry\\src\\main\\resources\\rawfile\\imagefor1\\手势识别.png","type":"file","isSymbolicLink":false,"fileMetaData":{"size":13292,"lastModifiedTime":1724209862688}},{"hashValue":"41724d9eaba072a549b3ca9f5df0c8f2","name":"首页.png","path":"D:\\original_code\\harmony\\zhinengjiaju\\entry\\src\\main\\resources\\rawfile\\imagefor1\\首页.png","type":"file","isSymbolicLink":false,"fileMetaData":{"size":3816,"lastModifiedTime":1724212927355}},{"hashValue":"346b0bbf4f9c244d5fe073c9015f2ad8","name":"添加.png","path":"D:\\original_code\\harmony\\zhinengjiaju\\entry\\src\\main\\resources\\rawfile\\imagefor1\\添加.png","type":"file","isSymbolicLink":false,"fileMetaData":{"size":15780,"lastModifiedTime":1724209811841}},{"hashValue":"e2caef08dc7b33b98df14ebf6c5fe563","name":"语音识别.png","path":"D:\\original_code\\harmony\\zhinengjiaju\\entry\\src\\main\\resources\\rawfile\\imagefor1\\语音识别.png","type":"file","isSymbolicLink":false,"fileMetaData":{"size":12014,"lastModifiedTime":1724209829629}},{"hashValue":"87bcb02de1e0a8dbb9a1ce5ecb1f2977","name":"智能助手提醒.png","path":"D:\\original_code\\harmony\\zhinengjiaju\\entry\\src\\main\\resources\\rawfile\\imagefor1\\智能助手提醒.png","type":"file","isSymbolicLink":false,"fileMetaData":{"size":14574,"lastModifiedTime":1724209914387}},{"hashValue":"cc3cf0ed00aad0f0add90f0d43de23df","name":"姿态识别.png","path":"D:\\original_code\\harmony\\zhinengjiaju\\entry\\src\\main\\resources\\rawfile\\imagefor1\\姿态识别.png","type":"file","isSymbolicLink":false,"fileMetaData":{"size":11614,"lastModifiedTime":1724209876714}},{"hashValue":"2774204dedfd016350fc527c14f0d03b","name":"myHOME.png","path":"D:\\original_code\\harmony\\zhinengjiaju\\entry\\src\\main\\resources\\rawfile\\imagefor1\\myHOME.png","type":"file","isSymbolicLink":false,"fileMetaData":{"size":16000,"lastModifiedTime":1724212564537}}]}]},{"hashValue":"4adf81e1257185d097b3df90c0fa110c","name":"zh_CN","path":"D:\\original_code\\harmony\\zhinengjiaju\\entry\\src\\main\\resources\\zh_CN","type":"directory","isSymbolicLink":false,"children":[{"hashValue":"fc8dc4825aaadde4f1a77aae2880ac2f","name":"element","path":"D:\\original_code\\harmony\\zhinengjiaju\\entry\\src\\main\\resources\\zh_CN\\element","type":"directory","isSymbolicLink":false,"children":[{"hashValue":"3cb4dc7716863ef8c3593cbc9d1344ab","name":"string.json","path":"D:\\original_code\\harmony\\zhinengjiaju\\entry\\src\\main\\resources\\zh_CN\\element\\string.json","type":"file","isSymbolicLink":false,"fileMetaData":{"size":241,"lastModifiedTime":1724146520966}}]}]}]},"D:\\original_code\\harmony\\zhinengjiaju\\AppScope\\resources":{"hashValue":"034da9c8770d3cce7307cc55fcd0b962","name":"resources","path":"D:\\original_code\\harmony\\zhinengjiaju\\AppScope\\resources","type":"directory","isSymbolicLink":false,"children":[{"hashValue":"14bfadc55e724639395edcd9e4ce0ac9","name":"base","path":"D:\\original_code\\harmony\\zhinengjiaju\\AppScope\\resources\\base","type":"directory","isSymbolicLink":false,"children":[{"hashValue":"7ed8283ff296de0165c27ad1f3d9760e","name":"element","path":"D:\\original_code\\harmony\\zhinengjiaju\\AppScope\\resources\\base\\element","type":"directory","isSymbolicLink":false,"children":[{"hashValue":"1101ed8eaa6bdec5a49c648c596ffbbd","name":"string.json","path":"D:\\original_code\\harmony\\zhinengjiaju\\AppScope\\resources\\base\\element\\string.json","type":"file","isSymbolicLink":false,"fileMetaData":{"size":98,"lastModifiedTime":1724146517276}}]},{"hashValue":"a1691c04038dcf4335cf14975718e044","name":"media","path":"D:\\original_code\\harmony\\zhinengjiaju\\AppScope\\resources\\base\\media","type":"directory","isSymbolicLink":false,"children":[{"hashValue":"1992b61b2d72d1c842f4944c1f02ab9a","name":"app_icon.png","path":"D:\\original_code\\harmony\\zhinengjiaju\\AppScope\\resources\\base\\media\\app_icon.png","type":"file","isSymbolicLink":false,"fileMetaData":{"size":6790,"lastModifiedTime":1724146517242}}]}]}]},"D:\\original_code\\harmony\\zhinengjiaju\\entry\\.preview\\default\\intermediates\\res\\default":{"hashValue":"e0fa4e7484105b4386e7fbd5c5861554","name":"default","path":"D:\\original_code\\harmony\\zhinengjiaju\\entry\\.preview\\default\\intermediates\\res\\default","type":"directory","isSymbolicLink":false,"children":[{"hashValue":"b8fdd719eef6c430ecfe3dc09894ef9a","name":"app_compiled","path":"D:\\original_code\\harmony\\zhinengjiaju\\entry\\.preview\\default\\intermediates\\res\\default\\app_compiled","type":"directory","isSymbolicLink":false,"children":[{"hashValue":"bf5669781badc412c110f046c73b196c","name":"16989930409676829823","path":"D:\\original_code\\harmony\\zhinengjiaju\\entry\\.preview\\default\\intermediates\\res\\default\\app_compiled\\16989930409676829823","type":"file","isSymbolicLink":false,"fileMetaData":{"size":129,"lastModifiedTime":1724215342927}},{"hashValue":"51668b0b576e8224a73036125d4e4fc4","name":"716537947426744180","path":"D:\\original_code\\harmony\\zhinengjiaju\\entry\\.preview\\default\\intermediates\\res\\default\\app_compiled\\716537947426744180","type":"file","isSymbolicLink":false,"fileMetaData":{"size":200,"lastModifiedTime":1724215342928}}]},{"hashValue":"fbd53a40e144ea59b7125ad52aa6d046","name":"module_compiled","path":"D:\\original_code\\harmony\\zhinengjiaju\\entry\\.preview\\default\\intermediates\\res\\default\\module_compiled","type":"directory","isSymbolicLink":false,"children":[{"hashValue":"329b06e81b8f20f28d6e69ead737a3b7","name":"10065548173322931643","path":"D:\\original_code\\harmony\\zhinengjiaju\\entry\\.preview\\default\\intermediates\\res\\default\\module_compiled\\10065548173322931643","type":"file","isSymbolicLink":false,"fileMetaData":{"size":164,"lastModifiedTime":1724215342961}},{"hashValue":"b27bce3e248ec6adfe3a3d1688a6bc10","name":"1102733521434079569","path":"D:\\original_code\\harmony\\zhinengjiaju\\entry\\.preview\\default\\intermediates\\res\\default\\module_compiled\\1102733521434079569","type":"file","isSymbolicLink":false,"fileMetaData":{"size":142,"lastModifiedTime":1724215342963}},{"hashValue":"ef8c6235270d7c25bfaa693a3e987910","name":"12522541314280374894","path":"D:\\original_code\\harmony\\zhinengjiaju\\entry\\.preview\\default\\intermediates\\res\\default\\module_compiled\\12522541314280374894","type":"file","isSymbolicLink":false,"fileMetaData":{"size":156,"lastModifiedTime":1724215342960}},{"hashValue":"608ca9d6dc1e767940f9a77a3256450b","name":"12733675329990712077","path":"D:\\original_code\\harmony\\zhinengjiaju\\entry\\.preview\\default\\intermediates\\res\\default\\module_compiled\\12733675329990712077","type":"file","isSymbolicLink":false,"fileMetaData":{"size":225,"lastModifiedTime":1724215342958}},{"hashValue":"0ccc30444548c1396c5f0152f082bf16","name":"13395927011742940569","path":"D:\\original_code\\harmony\\zhinengjiaju\\entry\\.preview\\default\\intermediates\\res\\default\\module_compiled\\13395927011742940569","type":"file","isSymbolicLink":false,"fileMetaData":{"size":150,"lastModifiedTime":1724215342966}},{"hashValue":"bf7c333cf55421370371e19f1ec34d04","name":"13697009056708063316","path":"D:\\original_code\\harmony\\zhinengjiaju\\entry\\.preview\\default\\intermediates\\res\\default\\module_compiled\\13697009056708063316","type":"file","isSymbolicLink":false,"fileMetaData":{"size":142,"lastModifiedTime":1724215342962}},{"hashValue":"a9d01ac835aef04f7eff9d15993981cf","name":"13878415418078344286","path":"D:\\original_code\\harmony\\zhinengjiaju\\entry\\.preview\\default\\intermediates\\res\\default\\module_compiled\\13878415418078344286","type":"file","isSymbolicLink":false,"fileMetaData":{"size":160,"lastModifiedTime":1724215342961}},{"hashValue":"4d2dbad117bc1ad8f8b51cd0201f4deb","name":"14239764805305704951","path":"D:\\original_code\\harmony\\zhinengjiaju\\entry\\.preview\\default\\intermediates\\res\\default\\module_compiled\\14239764805305704951","type":"file","isSymbolicLink":false,"fileMetaData":{"size":425,"lastModifiedTime":1724215342957}},{"hashValue":"15017843b7382297a581a2c1e29aad8a","name":"14509753797563945433","path":"D:\\original_code\\harmony\\zhinengjiaju\\entry\\.preview\\default\\intermediates\\res\\default\\module_compiled\\14509753797563945433","type":"file","isSymbolicLink":false,"fileMetaData":{"size":164,"lastModifiedTime":1724215342961}},{"hashValue":"91804a4a24cd094e8ddc467c16e39a20","name":"14854816195078157145","path":"D:\\original_code\\harmony\\zhinengjiaju\\entry\\.preview\\default\\intermediates\\res\\default\\module_compiled\\14854816195078157145","type":"file","isSymbolicLink":false,"fileMetaData":{"size":473,"lastModifiedTime":1724215342967}},{"hashValue":"88a75e0a74c84315f54c89d852ac77c9","name":"15063501597822352595","path":"D:\\original_code\\harmony\\zhinengjiaju\\entry\\.preview\\default\\intermediates\\res\\default\\module_compiled\\15063501597822352595","type":"file","isSymbolicLink":false,"fileMetaData":{"size":158,"lastModifiedTime":1724215342966}},{"hashValue":"94f0a7ff2ae2ea30f7286faa856b41b3","name":"16049425938466748568","path":"D:\\original_code\\harmony\\zhinengjiaju\\entry\\.preview\\default\\intermediates\\res\\default\\module_compiled\\16049425938466748568","type":"file","isSymbolicLink":false,"fileMetaData":{"size":166,"lastModifiedTime":1724215342965}},{"hashValue":"04b2d004172b141aaa4b7e1ea0dac192","name":"16349782136251535503","path":"D:\\original_code\\harmony\\zhinengjiaju\\entry\\.preview\\default\\intermediates\\res\\default\\module_compiled\\16349782136251535503","type":"file","isSymbolicLink":false,"fileMetaData":{"size":154,"lastModifiedTime":1724215342964}},{"hashValue":"bbc2f3fe3e3ebd221db3a737cfebc4cf","name":"16481999290303426865","path":"D:\\original_code\\harmony\\zhinengjiaju\\entry\\.preview\\default\\intermediates\\res\\default\\module_compiled\\16481999290303426865","type":"file","isSymbolicLink":false,"fileMetaData":{"size":158,"lastModifiedTime":1724215342965}},{"hashValue":"47881fe6b1383bfbb5c18027051e28a8","name":"17148573290100807629","path":"D:\\original_code\\harmony\\zhinengjiaju\\entry\\.preview\\default\\intermediates\\res\\default\\module_compiled\\17148573290100807629","type":"file","isSymbolicLink":false,"fileMetaData":{"size":154,"lastModifiedTime":1724215342963}},{"hashValue":"59bb24a84e74978847c739a204631771","name":"17195211038656873717","path":"D:\\original_code\\harmony\\zhinengjiaju\\entry\\.preview\\default\\intermediates\\res\\default\\module_compiled\\17195211038656873717","type":"file","isSymbolicLink":false,"fileMetaData":{"size":160,"lastModifiedTime":1724215342960}},{"hashValue":"eac3f485691edaa155e626dbc2bbef54","name":"17780396069027403267","path":"D:\\original_code\\harmony\\zhinengjiaju\\entry\\.preview\\default\\intermediates\\res\\default\\module_compiled\\17780396069027403267","type":"file","isSymbolicLink":false,"fileMetaData":{"size":142,"lastModifiedTime":1724215342962}},{"hashValue":"e845d5ad1aa899d91e3bcc723edf72c6","name":"18369294217565936522","path":"D:\\original_code\\harmony\\zhinengjiaju\\entry\\.preview\\default\\intermediates\\res\\default\\module_compiled\\18369294217565936522","type":"file","isSymbolicLink":false,"fileMetaData":{"size":144,"lastModifiedTime":1724215342956}},{"hashValue":"d4b6ee38513bd5ec4d1d0d16d1483ae0","name":"215358346234944324","path":"D:\\original_code\\harmony\\zhinengjiaju\\entry\\.preview\\default\\intermediates\\res\\default\\module_compiled\\215358346234944324","type":"file","isSymbolicLink":false,"fileMetaData":{"size":200,"lastModifiedTime":1724215342958}},{"hashValue":"6699656a354fe14b2d90728c215ae088","name":"544760924623110559","path":"D:\\original_code\\harmony\\zhinengjiaju\\entry\\.preview\\default\\intermediates\\res\\default\\module_compiled\\544760924623110559","type":"file","isSymbolicLink":false,"fileMetaData":{"size":142,"lastModifiedTime":1724215342962}},{"hashValue":"e7b857bd881c8c7cbe60f0531bc409e3","name":"805289447748778580","path":"D:\\original_code\\harmony\\zhinengjiaju\\entry\\.preview\\default\\intermediates\\res\\default\\module_compiled\\805289447748778580","type":"file","isSymbolicLink":false,"fileMetaData":{"size":158,"lastModifiedTime":1724215342965}},{"hashValue":"d62907c1dcdac3fb8df7c4549e84f8fa","name":"8401776890146294019","path":"D:\\original_code\\harmony\\zhinengjiaju\\entry\\.preview\\default\\intermediates\\res\\default\\module_compiled\\8401776890146294019","type":"file","isSymbolicLink":false,"fileMetaData":{"size":150,"lastModifiedTime":1724215342966}},{"hashValue":"ce06740aa9496746fa89cd576a9777e5","name":"903285121869310206","path":"D:\\original_code\\harmony\\zhinengjiaju\\entry\\.preview\\default\\intermediates\\res\\default\\module_compiled\\903285121869310206","type":"file","isSymbolicLink":false,"fileMetaData":{"size":158,"lastModifiedTime":1724215342964}},{"hashValue":"6acecb8a70fd3b9043c9d80fac9bcade","name":"9115148368914585893","path":"D:\\original_code\\harmony\\zhinengjiaju\\entry\\.preview\\default\\intermediates\\res\\default\\module_compiled\\9115148368914585893","type":"file","isSymbolicLink":false,"fileMetaData":{"size":479,"lastModifiedTime":1724215342959}},{"hashValue":"c6d17e9058050417f00bebd237c4f62b","name":"9596112356595187365","path":"D:\\original_code\\harmony\\zhinengjiaju\\entry\\.preview\\default\\intermediates\\res\\default\\module_compiled\\9596112356595187365","type":"file","isSymbolicLink":false,"fileMetaData":{"size":158,"lastModifiedTime":1724215342964}},{"hashValue":"3605242f87985d69888c7d71d530cbec","name":"9892291436479109406","path":"D:\\original_code\\harmony\\zhinengjiaju\\entry\\.preview\\default\\intermediates\\res\\default\\module_compiled\\9892291436479109406","type":"file","isSymbolicLink":false,"fileMetaData":{"size":160,"lastModifiedTime":1724215342960}}]},{"hashValue":"15af4eeabcfef1fd70fec3e49a5f649c","name":"module.json","path":"D:\\original_code\\harmony\\zhinengjiaju\\entry\\.preview\\default\\intermediates\\res\\default\\module.json","type":"file","isSymbolicLink":false,"fileMetaData":{"size":2048,"lastModifiedTime":1724215343048}},{"hashValue":"26d5c0c70d50fb57492fa568aaea1604","name":"resources","path":"D:\\original_code\\harmony\\zhinengjiaju\\entry\\.preview\\default\\intermediates\\res\\default\\resources","type":"directory","isSymbolicLink":false,"children":[{"hashValue":"1c57bb112cb6fa16d1f7aa5da7c94825","name":"base","path":"D:\\original_code\\harmony\\zhinengjiaju\\entry\\.preview\\default\\intermediates\\res\\default\\resources\\base","type":"directory","isSymbolicLink":false,"children":[{"hashValue":"94f0c39cffe41486cbc51961d758663e","name":"profile","path":"D:\\original_code\\harmony\\zhinengjiaju\\entry\\.preview\\default\\intermediates\\res\\default\\resources\\base\\profile","type":"directory","isSymbolicLink":false,"children":[{"hashValue":"8a95a89152be74873106fed3cb4a0e29","name":"main_pages.json","path":"D:\\original_code\\harmony\\zhinengjiaju\\entry\\.preview\\default\\intermediates\\res\\default\\resources\\base\\profile\\main_pages.json","type":"file","isSymbolicLink":false,"fileMetaData":{"size":23,"lastModifiedTime":1724215346189}}]}]},{"hashValue":"0136767265d4fe190640b868d588d259","name":"rawfile","path":"D:\\original_code\\harmony\\zhinengjiaju\\entry\\.preview\\default\\intermediates\\res\\default\\resources\\rawfile","type":"directory","isSymbolicLink":false,"children":[{"hashValue":"8a2d0cbedc072c6977d4a66acbf304ad","name":"image","path":"D:\\original_code\\harmony\\zhinengjiaju\\entry\\.preview\\default\\intermediates\\res\\default\\resources\\rawfile\\image","type":"directory","isSymbolicLink":false,"children":[{"hashValue":"c837cf75d0ac3c0a7059575735e76921","name":"湿度.png","path":"D:\\original_code\\harmony\\zhinengjiaju\\entry\\.preview\\default\\intermediates\\res\\default\\resources\\rawfile\\image\\湿度.png","type":"file","isSymbolicLink":false,"fileMetaData":{"size":5110,"lastModifiedTime":1715522229862}},{"hashValue":"8bdd0a1ec5ae1d598bd58c8be9729cbb","name":"太阳.png","path":"D:\\original_code\\harmony\\zhinengjiaju\\entry\\.preview\\default\\intermediates\\res\\default\\resources\\rawfile\\image\\太阳.png","type":"file","isSymbolicLink":false,"fileMetaData":{"size":4347,"lastModifiedTime":1715521963107}},{"hashValue":"dc5e79fb0773248d0e78deddbf5f683f","name":"天气.png","path":"D:\\original_code\\harmony\\zhinengjiaju\\entry\\.preview\\default\\intermediates\\res\\default\\resources\\rawfile\\image\\天气.png","type":"file","isSymbolicLink":false,"fileMetaData":{"size":4852,"lastModifiedTime":1715522249080}},{"hashValue":"5a30a4afad33fea661dcea7f444a63c3","name":"温度.png","path":"D:\\original_code\\harmony\\zhinengjiaju\\entry\\.preview\\default\\intermediates\\res\\default\\resources\\rawfile\\image\\温度.png","type":"file","isSymbolicLink":false,"fileMetaData":{"size":3374,"lastModifiedTime":1715522196410}},{"hashValue":"11f2fc4029a8747d0ce4a1280d1f61bf","name":"abbn1(cked).png","path":"D:\\original_code\\harmony\\zhinengjiaju\\entry\\.preview\\default\\intermediates\\res\\default\\resources\\rawfile\\image\\abbn1(cked).png","type":"file","isSymbolicLink":false,"fileMetaData":{"size":2716,"lastModifiedTime":1715527187194}},{"hashValue":"50d3031bdfc35f962ccec3bee1b82e75","name":"abbn1(uncked).png","path":"D:\\original_code\\harmony\\zhinengjiaju\\entry\\.preview\\default\\intermediates\\res\\default\\resources\\rawfile\\image\\abbn1(uncked).png","type":"file","isSymbolicLink":false,"fileMetaData":{"size":2714,"lastModifiedTime":1715527192769}},{"hashValue":"e8397a7fadf25f85ca9ebc097330215a","name":"tabbtn2(cked).png","path":"D:\\original_code\\harmony\\zhinengjiaju\\entry\\.preview\\default\\intermediates\\res\\default\\resources\\rawfile\\image\\tabbtn2(cked).png","type":"file","isSymbolicLink":false,"fileMetaData":{"size":2171,"lastModifiedTime":1715526809482}},{"hashValue":"eccd931821056e92132200e47c22700f","name":"tabbtn2(uncked).png","path":"D:\\original_code\\harmony\\zhinengjiaju\\entry\\.preview\\default\\intermediates\\res\\default\\resources\\rawfile\\image\\tabbtn2(uncked).png","type":"file","isSymbolicLink":false,"fileMetaData":{"size":2208,"lastModifiedTime":1715526801819}},{"hashValue":"c5e8e9ff55f40cbb68ec79e4aa052997","name":"tabbtn3(cked).png","path":"D:\\original_code\\harmony\\zhinengjiaju\\entry\\.preview\\default\\intermediates\\res\\default\\resources\\rawfile\\image\\tabbtn3(cked).png","type":"file","isSymbolicLink":false,"fileMetaData":{"size":2451,"lastModifiedTime":1715527284533}},{"hashValue":"769b57792d4c9ff17f4e1f33c3888439","name":"tabbtn3(uncked).png","path":"D:\\original_code\\harmony\\zhinengjiaju\\entry\\.preview\\default\\intermediates\\res\\default\\resources\\rawfile\\image\\tabbtn3(uncked).png","type":"file","isSymbolicLink":false,"fileMetaData":{"size":2804,"lastModifiedTime":1715527291302}}]},{"hashValue":"114939b62926266e395a8445cece6a55","name":"imagefor1","path":"D:\\original_code\\harmony\\zhinengjiaju\\entry\\.preview\\default\\intermediates\\res\\default\\resources\\rawfile\\imagefor1","type":"directory","isSymbolicLink":false,"children":[{"hashValue":"c625a948773930d744ce960d07b7a703","name":"出门警戒.png","path":"D:\\original_code\\harmony\\zhinengjiaju\\entry\\.preview\\default\\intermediates\\res\\default\\resources\\rawfile\\imagefor1\\出门警戒.png","type":"file","isSymbolicLink":false,"fileMetaData":{"size":11881,"lastModifiedTime":1724209887159}},{"hashValue":"043bc67db9f42ccc5ff6df9b1776a4ca","name":"人脸识别.png","path":"D:\\original_code\\harmony\\zhinengjiaju\\entry\\.preview\\default\\intermediates\\res\\default\\resources\\rawfile\\imagefor1\\人脸识别.png","type":"file","isSymbolicLink":false,"fileMetaData":{"size":13082,"lastModifiedTime":1724209852743}},{"hashValue":"319a2e5d000e22b5eca2a12fcad4f419","name":"三横线.png","path":"D:\\original_code\\harmony\\zhinengjiaju\\entry\\.preview\\default\\intermediates\\res\\default\\resources\\rawfile\\imagefor1\\三横线.png","type":"file","isSymbolicLink":false,"fileMetaData":{"size":2301,"lastModifiedTime":1724212645259}},{"hashValue":"81815c4bda89493a2afcb16afbbf5ce4","name":"手势识别.png","path":"D:\\original_code\\harmony\\zhinengjiaju\\entry\\.preview\\default\\intermediates\\res\\default\\resources\\rawfile\\imagefor1\\手势识别.png","type":"file","isSymbolicLink":false,"fileMetaData":{"size":13292,"lastModifiedTime":1724209862688}},{"hashValue":"41724d9eaba072a549b3ca9f5df0c8f2","name":"首页.png","path":"D:\\original_code\\harmony\\zhinengjiaju\\entry\\.preview\\default\\intermediates\\res\\default\\resources\\rawfile\\imagefor1\\首页.png","type":"file","isSymbolicLink":false,"fileMetaData":{"size":3816,"lastModifiedTime":1724212927355}},{"hashValue":"346b0bbf4f9c244d5fe073c9015f2ad8","name":"添加.png","path":"D:\\original_code\\harmony\\zhinengjiaju\\entry\\.preview\\default\\intermediates\\res\\default\\resources\\rawfile\\imagefor1\\添加.png","type":"file","isSymbolicLink":false,"fileMetaData":{"size":15780,"lastModifiedTime":1724209811841}},{"hashValue":"e2caef08dc7b33b98df14ebf6c5fe563","name":"语音识别.png","path":"D:\\original_code\\harmony\\zhinengjiaju\\entry\\.preview\\default\\intermediates\\res\\default\\resources\\rawfile\\imagefor1\\语音识别.png","type":"file","isSymbolicLink":false,"fileMetaData":{"size":12014,"lastModifiedTime":1724209829629}},{"hashValue":"87bcb02de1e0a8dbb9a1ce5ecb1f2977","name":"智能助手提醒.png","path":"D:\\original_code\\harmony\\zhinengjiaju\\entry\\.preview\\default\\intermediates\\res\\default\\resources\\rawfile\\imagefor1\\智能助手提醒.png","type":"file","isSymbolicLink":false,"fileMetaData":{"size":14574,"lastModifiedTime":1724209914387}},{"hashValue":"cc3cf0ed00aad0f0add90f0d43de23df","name":"姿态识别.png","path":"D:\\original_code\\harmony\\zhinengjiaju\\entry\\.preview\\default\\intermediates\\res\\default\\resources\\rawfile\\imagefor1\\姿态识别.png","type":"file","isSymbolicLink":false,"fileMetaData":{"size":11614,"lastModifiedTime":1724209876714}},{"hashValue":"2774204dedfd016350fc527c14f0d03b","name":"myHOME.png","path":"D:\\original_code\\harmony\\zhinengjiaju\\entry\\.preview\\default\\intermediates\\res\\default\\resources\\rawfile\\imagefor1\\myHOME.png","type":"file","isSymbolicLink":false,"fileMetaData":{"size":16000,"lastModifiedTime":1724212564537}}]}]}]},{"hashValue":"276eb36b366b1695add98203794c1393","name":"resources.index","path":"D:\\original_code\\harmony\\zhinengjiaju\\entry\\.preview\\default\\intermediates\\res\\default\\resources.index","type":"file","isSymbolicLink":false,"fileMetaData":{"size":1151,"lastModifiedTime":1724215343048}},{"hashValue":"8b0af38a9a7829b889f3c0d03805577e","name":"ResourceTable.txt","path":"D:\\original_code\\harmony\\zhinengjiaju\\entry\\.preview\\default\\intermediates\\res\\default\\ResourceTable.txt","type":"file","isSymbolicLink":false,"fileMetaData":{"size":248,"lastModifiedTime":1724215343049}}]},"D:\\original_code\\harmony\\zhinengjiaju\\entry\\.preview\\default\\generated\\r\\default\\ResourceTable.h":{"hashValue":"85be55f6e05846241715eb3588d9d5db","name":"ResourceTable.h","path":"D:\\original_code\\harmony\\zhinengjiaju\\entry\\.preview\\default\\generated\\r\\default\\ResourceTable.h","type":"file","isSymbolicLink":false,"fileMetaData":{"size":1090,"lastModifiedTime":1724215343049}},"D:\\original_code\\harmony\\zhinengjiaju\\entry\\.preview\\default\\generated\\r\\default":{"hashValue":"eaa5eed8dafbaa49e546b8e533dbe4df","name":"default","path":"D:\\original_code\\harmony\\zhinengjiaju\\entry\\.preview\\default\\generated\\r\\default","type":"directory","isSymbolicLink":false,"children":[{"hashValue":"85be55f6e05846241715eb3588d9d5db","name":"ResourceTable.h","path":"D:\\original_code\\harmony\\zhinengjiaju\\entry\\.preview\\default\\generated\\r\\default\\ResourceTable.h","type":"file","isSymbolicLink":false,"fileMetaData":{"size":1090,"lastModifiedTime":1724215343049}}]},"D:\\original_code\\harmony\\zhinengjiaju\\entry\\.preview\\config\\buildConfig.json":{"hashValue":"6ce060549c29ddc25a2e678091b9d12b","name":"buildConfig.json","path":"D:\\original_code\\harmony\\zhinengjiaju\\entry\\.preview\\config\\buildConfig.json","type":"file","isSymbolicLink":false,"fileMetaData":{"size":1802,"lastModifiedTime":1724215342448}},"D:\\original_code\\harmony\\zhinengjiaju\\entry\\.preview\\default\\intermediates\\res\\default\\module.json":{"hashValue":"15af4eeabcfef1fd70fec3e49a5f649c","name":"module.json","path":"D:\\original_code\\harmony\\zhinengjiaju\\entry\\.preview\\default\\intermediates\\res\\default\\module.json","type":"file","isSymbolicLink":false,"fileMetaData":{"size":2048,"lastModifiedTime":1724215343048}},"D:\\original_code\\harmony\\zhinengjiaju\\entry\\.preview\\default\\intermediates\\res\\default\\resources\\base\\profile\\main_pages.json":{"hashValue":"8a95a89152be74873106fed3cb4a0e29","name":"main_pages.json","path":"D:\\original_code\\harmony\\zhinengjiaju\\entry\\.preview\\default\\intermediates\\res\\default\\resources\\base\\profile\\main_pages.json","type":"file","isSymbolicLink":false,"fileMetaData":{"size":23,"lastModifiedTime":1724215346189}},"D:\\original_code\\harmony\\zhinengjiaju\\entry\\.preview\\default\\intermediates\\loader\\default":{"hashValue":"9a0a81acc09d70b82064d1bf33d65b67","name":"default","path":"D:\\original_code\\harmony\\zhinengjiaju\\entry\\.preview\\default\\intermediates\\loader\\default","type":"directory","isSymbolicLink":false,"children":[{"hashValue":"1925e2e29ba006ff05da40b79c06e147","name":"loader.json","path":"D:\\original_code\\harmony\\zhinengjiaju\\entry\\.preview\\default\\intermediates\\loader\\default\\loader.json","type":"file","isSymbolicLink":false,"fileMetaData":{"size":369,"lastModifiedTime":1724146553256}}]},"D:\\original_code\\harmony\\zhinengjiaju\\entry\\.preview\\default\\intermediates\\res\\default\\ResourceTable.txt":{"hashValue":"8b0af38a9a7829b889f3c0d03805577e","name":"ResourceTable.txt","path":"D:\\original_code\\harmony\\zhinengjiaju\\entry\\.preview\\default\\intermediates\\res\\default\\ResourceTable.txt","type":"file","isSymbolicLink":false,"fileMetaData":{"size":248,"lastModifiedTime":1724215343049}},"D:\\original_code\\harmony\\zhinengjiaju\\entry\\.preview\\default\\intermediates\\res\\default\\resources\\base\\profile":{"hashValue":"94f0c39cffe41486cbc51961d758663e","name":"profile","path":"D:\\original_code\\harmony\\zhinengjiaju\\entry\\.preview\\default\\intermediates\\res\\default\\resources\\base\\profile","type":"directory","isSymbolicLink":false,"children":[{"hashValue":"8a95a89152be74873106fed3cb4a0e29","name":"main_pages.json","path":"D:\\original_code\\harmony\\zhinengjiaju\\entry\\.preview\\default\\intermediates\\res\\default\\resources\\base\\profile\\main_pages.json","type":"file","isSymbolicLink":false,"fileMetaData":{"size":23,"lastModifiedTime":1724215346189}}]},"D:\\original_code\\harmony\\zhinengjiaju\\entry\\src\\main\\ets":{"hashValue":"1bbd200a18bc0bc0105ca8fb9f7f9380","name":"ets","path":"D:\\original_code\\harmony\\zhinengjiaju\\entry\\src\\main\\ets","type":"directory","isSymbolicLink":false,"children":[{"hashValue":"9b9d7dc9aae7e14012ac0fdc11918365","name":"entryability","path":"D:\\original_code\\harmony\\zhinengjiaju\\entry\\src\\main\\ets\\entryability","type":"directory","isSymbolicLink":false,"children":[{"hashValue":"0c80183362ceba9d96b59cf69b8ab0bf","name":"EntryAbility.ts","path":"D:\\original_code\\harmony\\zhinengjiaju\\entry\\src\\main\\ets\\entryability\\EntryAbility.ts","type":"file","isSymbolicLink":false,"fileMetaData":{"size":1417,"lastModifiedTime":1724146520981}}]},{"hashValue":"252f55b0a46d43c48188610944a26e29","name":"pages","path":"D:\\original_code\\harmony\\zhinengjiaju\\entry\\src\\main\\ets\\pages","type":"directory","isSymbolicLink":false,"children":[{"hashValue":"339b14d80055cf4a0e8b0341acca98c1","name":"Index.ets","path":"D:\\original_code\\harmony\\zhinengjiaju\\entry\\src\\main\\ets\\pages\\Index.ets","type":"file","isSymbolicLink":false,"fileMetaData":{"size":1213,"lastModifiedTime":1724215117717}}]},{"hashValue":"e5268a1dff3c2d7ee6769fd3bf20c932","name":"view","path":"D:\\original_code\\harmony\\zhinengjiaju\\entry\\src\\main\\ets\\view","type":"directory","isSymbolicLink":false,"children":[{"hashValue":"7ed2ec985160c4138b933a215edcb115","name":"myHome","path":"D:\\original_code\\harmony\\zhinengjiaju\\entry\\src\\main\\ets\\view\\myHome","type":"directory","isSymbolicLink":false,"children":[{"hashValue":"60b59bfa33ae77f0c02fd6aa92a55a14","name":"myHome.ets","path":"D:\\original_code\\harmony\\zhinengjiaju\\entry\\src\\main\\ets\\view\\myHome\\myHome.ets","type":"file","isSymbolicLink":false,"fileMetaData":{"size":4001,"lastModifiedTime":1724214210149}}]},{"hashValue":"4c98784f6185d53955694373a96c274b","name":"roomCondition","path":"D:\\original_code\\harmony\\zhinengjiaju\\entry\\src\\main\\ets\\view\\roomCondition","type":"directory","isSymbolicLink":false,"children":[{"hashValue":"91e5fce611d6c063fb0f13ece402ff48","name":"roomConditon.ets","path":"D:\\original_code\\harmony\\zhinengjiaju\\entry\\src\\main\\ets\\view\\roomCondition\\roomConditon.ets","type":"file","isSymbolicLink":false,"fileMetaData":{"size":4301,"lastModifiedTime":1724215326913}}]},{"hashValue":"","name":"the3rd","path":"D:\\original_code\\harmony\\zhinengjiaju\\entry\\src\\main\\ets\\view\\the3rd","type":"directory","isSymbolicLink":false,"children":[]}]}]},"F:\\jd\\zhinengjiaju\\AppScope\\app.json5":{"hashValue":"4171ecd2d1502b9a4a7666c8a5bb1be3","name":"app.json5","path":"F:\\jd\\zhinengjiaju\\AppScope\\app.json5","type":"file","isSymbolicLink":false,"fileMetaData":{"size":219,"lastModifiedTime":1724146520901}},"F:\\jd\\zhinengjiaju\\entry\\src\\main\\module.json5":{"hashValue":"efb184f1b5af8e5c772790c93c65400b","name":"module.json5","path":"F:\\jd\\zhinengjiaju\\entry\\src\\main\\module.json5","type":"file","isSymbolicLink":false,"fileMetaData":{"size":934,"lastModifiedTime":1724146520949}},"F:\\jd\\zhinengjiaju\\entry\\.preview\\default\\intermediates\\merge_profile\\default\\module.json":{"hashValue":"b786a59a4d7e177490fd8e9192145f77","name":"module.json","path":"F:\\jd\\zhinengjiaju\\entry\\.preview\\default\\intermediates\\merge_profile\\default\\module.json","type":"file","isSymbolicLink":false,"fileMetaData":{"size":1062,"lastModifiedTime":1724489743594}},"F:\\jd\\zhinengjiaju\\entry\\.preview\\default\\intermediates\\loader\\default\\loader.json":{"hashValue":"76269bd7ce8853fd7cae7123dd3f752e","name":"loader.json","path":"F:\\jd\\zhinengjiaju\\entry\\.preview\\default\\intermediates\\loader\\default\\loader.json","type":"file","isSymbolicLink":false,"fileMetaData":{"size":309,"lastModifiedTime":1724489743606}},"F:\\jd\\zhinengjiaju\\entry\\.preview\\default\\intermediates\\process_profile\\default\\module.json":{"hashValue":"6142f94cf3a2611baa75be821f182b97","name":"module.json","path":"F:\\jd\\zhinengjiaju\\entry\\.preview\\default\\intermediates\\process_profile\\default\\module.json","type":"file","isSymbolicLink":false,"fileMetaData":{"size":1147,"lastModifiedTime":1724489743693}},"{\"commandList\":[\"D:\\\\Huawei\\\\Sdk\\\\openharmony\\\\9\\\\toolchains\\\\restool.exe\",\"-m\",\"entry\",\"-f\",\"-j\",\"F:\\\\jd\\\\zhinengjiaju\\\\entry\\\\.preview\\\\default\\\\intermediates\\\\process_profile\\\\default\\\\module.json\",\"-p\",\"com.example.zhinengjiaju\",\"-o\",\"F:\\\\jd\\\\zhinengjiaju\\\\entry\\\\.preview\\\\default\\\\intermediates\\\\res\\\\default\",\"-r\",\"F:\\\\jd\\\\zhinengjiaju\\\\entry\\\\.preview\\\\default\\\\generated\\\\r\\\\default\\\\ResourceTable.h\"],\"inputFiles\":{\"_group\":{}},\"outputFiles\":{\"_group\":{}},\"existsResourceDir\":true,\"restoolLinkParamObj\":{\"appScopeResources\":\"F:\\\\jd\\\\zhinengjiaju\\\\AppScope\\\\resources\",\"moduleResourcesMap\":{},\"harResourcesMap\":{},\"outputPath\":\"F:\\\\jd\\\\zhinengjiaju\\\\entry\\\\.preview\\\\default\\\\intermediates\\\\res\\\\default\",\"linkCommand\":[\"D:\\\\Huawei\\\\Sdk\\\\openharmony\\\\9\\\\toolchains\\\\restool.exe\",\"-m\",\"entry\",\"-f\",\"-j\",\"F:\\\\jd\\\\zhinengjiaju\\\\entry\\\\.preview\\\\default\\\\intermediates\\\\process_profile\\\\default\\\\module.json\",\"-p\",\"com.example.zhinengjiaju\",\"-r\",\"F:\\\\jd\\\\zhinengjiaju\\\\entry\\\\.preview\\\\default\\\\generated\\\\r\\\\default\\\\ResourceTable.h\",\"-z\"]}}":{"hashValue":"","name":"emptyroot","path":"","type":"unknown","isSymbolicLink":false,"children":[]},"F:\\jd\\zhinengjiaju\\entry\\src\\main\\resources":{"hashValue":"370a5a4e1957e42ec8accbae74c811d2","name":"resources","path":"F:\\jd\\zhinengjiaju\\entry\\src\\main\\resources","type":"directory","isSymbolicLink":false,"children":[{"hashValue":"657cf4a4ad1b79ce3a7eecc4d2c5ab12","name":"base","path":"F:\\jd\\zhinengjiaju\\entry\\src\\main\\resources\\base","type":"directory","isSymbolicLink":false,"children":[{"hashValue":"2e742c5520ef117d41fda5dca1c239cd","name":"element","path":"F:\\jd\\zhinengjiaju\\entry\\src\\main\\resources\\base\\element","type":"directory","isSymbolicLink":false,"children":[{"hashValue":"98727c986ca8b2d7a8b7a5a9cf399f6e","name":"color.json","path":"F:\\jd\\zhinengjiaju\\entry\\src\\main\\resources\\base\\element\\color.json","type":"file","isSymbolicLink":false,"fileMetaData":{"size":105,"lastModifiedTime":1724146517845}},{"hashValue":"a1bc7ddf474d148a0a7ee17ee6d143e7","name":"string.json","path":"F:\\jd\\zhinengjiaju\\entry\\src\\main\\resources\\base\\element\\string.json","type":"file","isSymbolicLink":false,"fileMetaData":{"size":247,"lastModifiedTime":1724146520934}}]},{"hashValue":"1e126640ef54e15d7863cf89471637d4","name":"media","path":"F:\\jd\\zhinengjiaju\\entry\\src\\main\\resources\\base\\media","type":"directory","isSymbolicLink":false,"children":[{"hashValue":"02b45d17bd6dcd013657419b662cd8f1","name":"icon.png","path":"F:\\jd\\zhinengjiaju\\entry\\src\\main\\resources\\base\\media\\icon.png","type":"file","isSymbolicLink":false,"fileMetaData":{"size":6790,"lastModifiedTime":1724146517863}}]},{"hashValue":"7fdad0e74015b172d366d18253076a42","name":"profile","path":"F:\\jd\\zhinengjiaju\\entry\\src\\main\\resources\\base\\profile","type":"directory","isSymbolicLink":false,"children":[{"hashValue":"966a3f81f03d14ed6272f2cdaceca95e","name":"main_pages.json","path":"F:\\jd\\zhinengjiaju\\entry\\src\\main\\resources\\base\\profile\\main_pages.json","type":"file","isSymbolicLink":false,"fileMetaData":{"size":37,"lastModifiedTime":1724146517920}}]}]},{"hashValue":"ff15b5ebc613f0bdd3b8a2849d450c64","name":"en_US","path":"F:\\jd\\zhinengjiaju\\entry\\src\\main\\resources\\en_US","type":"directory","isSymbolicLink":false,"children":[{"hashValue":"3d141c450e8a94a73c6ef910075e0806","name":"element","path":"F:\\jd\\zhinengjiaju\\entry\\src\\main\\resources\\en_US\\element","type":"directory","isSymbolicLink":false,"children":[{"hashValue":"a2da5c2b276275f1fcb7211e72568548","name":"string.json","path":"F:\\jd\\zhinengjiaju\\entry\\src\\main\\resources\\en_US\\element\\string.json","type":"file","isSymbolicLink":false,"fileMetaData":{"size":247,"lastModifiedTime":1724146520917}}]}]},{"hashValue":"0136767265d4fe190640b868d588d259","name":"rawfile","path":"F:\\jd\\zhinengjiaju\\entry\\src\\main\\resources\\rawfile","type":"directory","isSymbolicLink":false,"children":[{"hashValue":"8a2d0cbedc072c6977d4a66acbf304ad","name":"image","path":"F:\\jd\\zhinengjiaju\\entry\\src\\main\\resources\\rawfile\\image","type":"directory","isSymbolicLink":false,"children":[{"hashValue":"c837cf75d0ac3c0a7059575735e76921","name":"湿度.png","path":"F:\\jd\\zhinengjiaju\\entry\\src\\main\\resources\\rawfile\\image\\湿度.png","type":"file","isSymbolicLink":false,"fileMetaData":{"size":5110,"lastModifiedTime":1715522229862}},{"hashValue":"8bdd0a1ec5ae1d598bd58c8be9729cbb","name":"太阳.png","path":"F:\\jd\\zhinengjiaju\\entry\\src\\main\\resources\\rawfile\\image\\太阳.png","type":"file","isSymbolicLink":false,"fileMetaData":{"size":4347,"lastModifiedTime":1715521963107}},{"hashValue":"dc5e79fb0773248d0e78deddbf5f683f","name":"天气.png","path":"F:\\jd\\zhinengjiaju\\entry\\src\\main\\resources\\rawfile\\image\\天气.png","type":"file","isSymbolicLink":false,"fileMetaData":{"size":4852,"lastModifiedTime":1715522249080}},{"hashValue":"5a30a4afad33fea661dcea7f444a63c3","name":"温度.png","path":"F:\\jd\\zhinengjiaju\\entry\\src\\main\\resources\\rawfile\\image\\温度.png","type":"file","isSymbolicLink":false,"fileMetaData":{"size":3374,"lastModifiedTime":1715522196410}},{"hashValue":"11f2fc4029a8747d0ce4a1280d1f61bf","name":"abbn1(cked).png","path":"F:\\jd\\zhinengjiaju\\entry\\src\\main\\resources\\rawfile\\image\\abbn1(cked).png","type":"file","isSymbolicLink":false,"fileMetaData":{"size":2716,"lastModifiedTime":1715527187194}},{"hashValue":"50d3031bdfc35f962ccec3bee1b82e75","name":"abbn1(uncked).png","path":"F:\\jd\\zhinengjiaju\\entry\\src\\main\\resources\\rawfile\\image\\abbn1(uncked).png","type":"file","isSymbolicLink":false,"fileMetaData":{"size":2714,"lastModifiedTime":1715527192769}},{"hashValue":"e8397a7fadf25f85ca9ebc097330215a","name":"tabbtn2(cked).png","path":"F:\\jd\\zhinengjiaju\\entry\\src\\main\\resources\\rawfile\\image\\tabbtn2(cked).png","type":"file","isSymbolicLink":false,"fileMetaData":{"size":2171,"lastModifiedTime":1715526809482}},{"hashValue":"eccd931821056e92132200e47c22700f","name":"tabbtn2(uncked).png","path":"F:\\jd\\zhinengjiaju\\entry\\src\\main\\resources\\rawfile\\image\\tabbtn2(uncked).png","type":"file","isSymbolicLink":false,"fileMetaData":{"size":2208,"lastModifiedTime":1715526801819}},{"hashValue":"c5e8e9ff55f40cbb68ec79e4aa052997","name":"tabbtn3(cked).png","path":"F:\\jd\\zhinengjiaju\\entry\\src\\main\\resources\\rawfile\\image\\tabbtn3(cked).png","type":"file","isSymbolicLink":false,"fileMetaData":{"size":2451,"lastModifiedTime":1715527284533}},{"hashValue":"769b57792d4c9ff17f4e1f33c3888439","name":"tabbtn3(uncked).png","path":"F:\\jd\\zhinengjiaju\\entry\\src\\main\\resources\\rawfile\\image\\tabbtn3(uncked).png","type":"file","isSymbolicLink":false,"fileMetaData":{"size":2804,"lastModifiedTime":1715527291302}}]},{"hashValue":"114939b62926266e395a8445cece6a55","name":"imagefor1","path":"F:\\jd\\zhinengjiaju\\entry\\src\\main\\resources\\rawfile\\imagefor1","type":"directory","isSymbolicLink":false,"children":[{"hashValue":"c625a948773930d744ce960d07b7a703","name":"出门警戒.png","path":"F:\\jd\\zhinengjiaju\\entry\\src\\main\\resources\\rawfile\\imagefor1\\出门警戒.png","type":"file","isSymbolicLink":false,"fileMetaData":{"size":11881,"lastModifiedTime":1724209887159}},{"hashValue":"043bc67db9f42ccc5ff6df9b1776a4ca","name":"人脸识别.png","path":"F:\\jd\\zhinengjiaju\\entry\\src\\main\\resources\\rawfile\\imagefor1\\人脸识别.png","type":"file","isSymbolicLink":false,"fileMetaData":{"size":13082,"lastModifiedTime":1724209852743}},{"hashValue":"319a2e5d000e22b5eca2a12fcad4f419","name":"三横线.png","path":"F:\\jd\\zhinengjiaju\\entry\\src\\main\\resources\\rawfile\\imagefor1\\三横线.png","type":"file","isSymbolicLink":false,"fileMetaData":{"size":2301,"lastModifiedTime":1724212645259}},{"hashValue":"81815c4bda89493a2afcb16afbbf5ce4","name":"手势识别.png","path":"F:\\jd\\zhinengjiaju\\entry\\src\\main\\resources\\rawfile\\imagefor1\\手势识别.png","type":"file","isSymbolicLink":false,"fileMetaData":{"size":13292,"lastModifiedTime":1724209862688}},{"hashValue":"41724d9eaba072a549b3ca9f5df0c8f2","name":"首页.png","path":"F:\\jd\\zhinengjiaju\\entry\\src\\main\\resources\\rawfile\\imagefor1\\首页.png","type":"file","isSymbolicLink":false,"fileMetaData":{"size":3816,"lastModifiedTime":1724212927355}},{"hashValue":"346b0bbf4f9c244d5fe073c9015f2ad8","name":"添加.png","path":"F:\\jd\\zhinengjiaju\\entry\\src\\main\\resources\\rawfile\\imagefor1\\添加.png","type":"file","isSymbolicLink":false,"fileMetaData":{"size":15780,"lastModifiedTime":1724209811841}},{"hashValue":"e2caef08dc7b33b98df14ebf6c5fe563","name":"语音识别.png","path":"F:\\jd\\zhinengjiaju\\entry\\src\\main\\resources\\rawfile\\imagefor1\\语音识别.png","type":"file","isSymbolicLink":false,"fileMetaData":{"size":12014,"lastModifiedTime":1724209829629}},{"hashValue":"87bcb02de1e0a8dbb9a1ce5ecb1f2977","name":"智能助手提醒.png","path":"F:\\jd\\zhinengjiaju\\entry\\src\\main\\resources\\rawfile\\imagefor1\\智能助手提醒.png","type":"file","isSymbolicLink":false,"fileMetaData":{"size":14574,"lastModifiedTime":1724209914387}},{"hashValue":"cc3cf0ed00aad0f0add90f0d43de23df","name":"姿态识别.png","path":"F:\\jd\\zhinengjiaju\\entry\\src\\main\\resources\\rawfile\\imagefor1\\姿态识别.png","type":"file","isSymbolicLink":false,"fileMetaData":{"size":11614,"lastModifiedTime":1724209876714}},{"hashValue":"2774204dedfd016350fc527c14f0d03b","name":"myHOME.png","path":"F:\\jd\\zhinengjiaju\\entry\\src\\main\\resources\\rawfile\\imagefor1\\myHOME.png","type":"file","isSymbolicLink":false,"fileMetaData":{"size":16000,"lastModifiedTime":1724212564537}}]}]},{"hashValue":"4adf81e1257185d097b3df90c0fa110c","name":"zh_CN","path":"F:\\jd\\zhinengjiaju\\entry\\src\\main\\resources\\zh_CN","type":"directory","isSymbolicLink":false,"children":[{"hashValue":"fc8dc4825aaadde4f1a77aae2880ac2f","name":"element","path":"F:\\jd\\zhinengjiaju\\entry\\src\\main\\resources\\zh_CN\\element","type":"directory","isSymbolicLink":false,"children":[{"hashValue":"3cb4dc7716863ef8c3593cbc9d1344ab","name":"string.json","path":"F:\\jd\\zhinengjiaju\\entry\\src\\main\\resources\\zh_CN\\element\\string.json","type":"file","isSymbolicLink":false,"fileMetaData":{"size":241,"lastModifiedTime":1724146520966}}]}]}]},"F:\\jd\\zhinengjiaju\\AppScope\\resources":{"hashValue":"034da9c8770d3cce7307cc55fcd0b962","name":"resources","path":"F:\\jd\\zhinengjiaju\\AppScope\\resources","type":"directory","isSymbolicLink":false,"children":[{"hashValue":"14bfadc55e724639395edcd9e4ce0ac9","name":"base","path":"F:\\jd\\zhinengjiaju\\AppScope\\resources\\base","type":"directory","isSymbolicLink":false,"children":[{"hashValue":"7ed8283ff296de0165c27ad1f3d9760e","name":"element","path":"F:\\jd\\zhinengjiaju\\AppScope\\resources\\base\\element","type":"directory","isSymbolicLink":false,"children":[{"hashValue":"1101ed8eaa6bdec5a49c648c596ffbbd","name":"string.json","path":"F:\\jd\\zhinengjiaju\\AppScope\\resources\\base\\element\\string.json","type":"file","isSymbolicLink":false,"fileMetaData":{"size":98,"lastModifiedTime":1724146517276}}]},{"hashValue":"a1691c04038dcf4335cf14975718e044","name":"media","path":"F:\\jd\\zhinengjiaju\\AppScope\\resources\\base\\media","type":"directory","isSymbolicLink":false,"children":[{"hashValue":"1992b61b2d72d1c842f4944c1f02ab9a","name":"app_icon.png","path":"F:\\jd\\zhinengjiaju\\AppScope\\resources\\base\\media\\app_icon.png","type":"file","isSymbolicLink":false,"fileMetaData":{"size":6790,"lastModifiedTime":1724146517242}}]}]}]},"F:\\jd\\zhinengjiaju\\entry\\.preview\\default\\intermediates\\res\\default":{"hashValue":"e7fd9d94f3c70ca19e38b83d4ec06f33","name":"default","path":"F:\\jd\\zhinengjiaju\\entry\\.preview\\default\\intermediates\\res\\default","type":"directory","isSymbolicLink":false,"children":[{"hashValue":"39e8d591139ec7624dd6421dffb7150e","name":"app_compiled","path":"F:\\jd\\zhinengjiaju\\entry\\.preview\\default\\intermediates\\res\\default\\app_compiled","type":"directory","isSymbolicLink":false,"children":[{"hashValue":"63c14927908af301a4526f65551bb3e6","name":"10368146069423672992","path":"F:\\jd\\zhinengjiaju\\entry\\.preview\\default\\intermediates\\res\\default\\app_compiled\\10368146069423672992","type":"file","isSymbolicLink":false,"fileMetaData":{"size":162,"lastModifiedTime":1724489743801}},{"hashValue":"d6baa7be540bfd16ce1aced937524fad","name":"10424467344244548116","path":"F:\\jd\\zhinengjiaju\\entry\\.preview\\default\\intermediates\\res\\default\\app_compiled\\10424467344244548116","type":"file","isSymbolicLink":false,"fileMetaData":{"size":110,"lastModifiedTime":1724489743801}}]},{"hashValue":"dabbf89430b317556b8581f2ed631bda","name":"module_compiled","path":"F:\\jd\\zhinengjiaju\\entry\\.preview\\default\\intermediates\\res\\default\\module_compiled","type":"directory","isSymbolicLink":false,"children":[{"hashValue":"30a519933d567e1ab70455a5aa61d38a","name":"11017753056408594355","path":"F:\\jd\\zhinengjiaju\\entry\\.preview\\default\\intermediates\\res\\default\\module_compiled\\11017753056408594355","type":"file","isSymbolicLink":false,"fileMetaData":{"size":135,"lastModifiedTime":1724489743833}},{"hashValue":"09e41a53e94250c3d651ccbdbb52ac0b","name":"11720420304994085265","path":"F:\\jd\\zhinengjiaju\\entry\\.preview\\default\\intermediates\\res\\default\\module_compiled\\11720420304994085265","type":"file","isSymbolicLink":false,"fileMetaData":{"size":147,"lastModifiedTime":1724489743835}},{"hashValue":"aaa7eb13780ea2146301cbe80e8d2dab","name":"12630034382062402431","path":"F:\\jd\\zhinengjiaju\\entry\\.preview\\default\\intermediates\\res\\default\\module_compiled\\12630034382062402431","type":"file","isSymbolicLink":false,"fileMetaData":{"size":125,"lastModifiedTime":1724489743826}},{"hashValue":"1dc6204c7514a7528610f92ea36889f9","name":"13293966833550613294","path":"F:\\jd\\zhinengjiaju\\entry\\.preview\\default\\intermediates\\res\\default\\module_compiled\\13293966833550613294","type":"file","isSymbolicLink":false,"fileMetaData":{"size":141,"lastModifiedTime":1724489743830}},{"hashValue":"f19e96ef6f62934b6f02dd168ffeebfe","name":"13708883529846196256","path":"F:\\jd\\zhinengjiaju\\entry\\.preview\\default\\intermediates\\res\\default\\module_compiled\\13708883529846196256","type":"file","isSymbolicLink":false,"fileMetaData":{"size":141,"lastModifiedTime":1724489743829}},{"hashValue":"bbe76d8ec311846736e7987553fd1bb9","name":"14494868605124260898","path":"F:\\jd\\zhinengjiaju\\entry\\.preview\\default\\intermediates\\res\\default\\module_compiled\\14494868605124260898","type":"file","isSymbolicLink":false,"fileMetaData":{"size":141,"lastModifiedTime":1724489743829}},{"hashValue":"b80a8c2df9c7655e5a16bf203c2700c8","name":"15279252766717091525","path":"F:\\jd\\zhinengjiaju\\entry\\.preview\\default\\intermediates\\res\\default\\module_compiled\\15279252766717091525","type":"file","isSymbolicLink":false,"fileMetaData":{"size":131,"lastModifiedTime":1724489743836}},{"hashValue":"0750a00ad026a4d0c3560bae9b10e35a","name":"16029300241045185916","path":"F:\\jd\\zhinengjiaju\\entry\\.preview\\default\\intermediates\\res\\default\\module_compiled\\16029300241045185916","type":"file","isSymbolicLink":false,"fileMetaData":{"size":187,"lastModifiedTime":1724489743827}},{"hashValue":"83ee83829267e1abc8dcfed6e8951009","name":"16234806203513893631","path":"F:\\jd\\zhinengjiaju\\entry\\.preview\\default\\intermediates\\res\\default\\module_compiled\\16234806203513893631","type":"file","isSymbolicLink":false,"fileMetaData":{"size":145,"lastModifiedTime":1724489743830}},{"hashValue":"5c86232c6d75a1161ebcf7d292161de8","name":"16237744745348084782","path":"F:\\jd\\zhinengjiaju\\entry\\.preview\\default\\intermediates\\res\\default\\module_compiled\\16237744745348084782","type":"file","isSymbolicLink":false,"fileMetaData":{"size":123,"lastModifiedTime":1724489743831}},{"hashValue":"fce0701f8534b9f1eb910d3d58998c46","name":"16629240645323352292","path":"F:\\jd\\zhinengjiaju\\entry\\.preview\\default\\intermediates\\res\\default\\module_compiled\\16629240645323352292","type":"file","isSymbolicLink":false,"fileMetaData":{"size":137,"lastModifiedTime":1724489743829}},{"hashValue":"08cc03360189a2d8d4b5f7a77748e9f6","name":"17156674076565482165","path":"F:\\jd\\zhinengjiaju\\entry\\.preview\\default\\intermediates\\res\\default\\module_compiled\\17156674076565482165","type":"file","isSymbolicLink":false,"fileMetaData":{"size":416,"lastModifiedTime":1724489743837}},{"hashValue":"bae5b2f723c7317e3e100302f2e201f9","name":"18207517584228000151","path":"F:\\jd\\zhinengjiaju\\entry\\.preview\\default\\intermediates\\res\\default\\module_compiled\\18207517584228000151","type":"file","isSymbolicLink":false,"fileMetaData":{"size":135,"lastModifiedTime":1724489743832}},{"hashValue":"c52f7e9e77173fbd653caf91575ec1dc","name":"18415590240750523058","path":"F:\\jd\\zhinengjiaju\\entry\\.preview\\default\\intermediates\\res\\default\\module_compiled\\18415590240750523058","type":"file","isSymbolicLink":false,"fileMetaData":{"size":145,"lastModifiedTime":1724489743830}},{"hashValue":"22768b7c5f27d24fde746e9b496bf6b8","name":"2263279881343920924","path":"F:\\jd\\zhinengjiaju\\entry\\.preview\\default\\intermediates\\res\\default\\module_compiled\\2263279881343920924","type":"file","isSymbolicLink":false,"fileMetaData":{"size":123,"lastModifiedTime":1724489743832}},{"hashValue":"45b33f3234bb65071266ff4a380574e3","name":"3428253980754915348","path":"F:\\jd\\zhinengjiaju\\entry\\.preview\\default\\intermediates\\res\\default\\module_compiled\\3428253980754915348","type":"file","isSymbolicLink":false,"fileMetaData":{"size":139,"lastModifiedTime":1724489743833}},{"hashValue":"e0247cf0dd2c5b281e54669f66b6aef0","name":"3504260443477897193","path":"F:\\jd\\zhinengjiaju\\entry\\.preview\\default\\intermediates\\res\\default\\module_compiled\\3504260443477897193","type":"file","isSymbolicLink":false,"fileMetaData":{"size":139,"lastModifiedTime":1724489743834}},{"hashValue":"b863610007a5180083a4126633b87a42","name":"5100000786633482305","path":"F:\\jd\\zhinengjiaju\\entry\\.preview\\default\\intermediates\\res\\default\\module_compiled\\5100000786633482305","type":"file","isSymbolicLink":false,"fileMetaData":{"size":368,"lastModifiedTime":1724489743826}},{"hashValue":"642c0cb3b4aa2807a6db8b7f36f3feba","name":"5377421603860950171","path":"F:\\jd\\zhinengjiaju\\entry\\.preview\\default\\intermediates\\res\\default\\module_compiled\\5377421603860950171","type":"file","isSymbolicLink":false,"fileMetaData":{"size":131,"lastModifiedTime":1724489743835}},{"hashValue":"1665647798ee3285915f63f2c785a67b","name":"5587187065025026367","path":"F:\\jd\\zhinengjiaju\\entry\\.preview\\default\\intermediates\\res\\default\\module_compiled\\5587187065025026367","type":"file","isSymbolicLink":false,"fileMetaData":{"size":162,"lastModifiedTime":1724489743827}},{"hashValue":"56ffe1f12dd116ac2dca43bb5882820f","name":"5658335523006700753","path":"F:\\jd\\zhinengjiaju\\entry\\.preview\\default\\intermediates\\res\\default\\module_compiled\\5658335523006700753","type":"file","isSymbolicLink":false,"fileMetaData":{"size":139,"lastModifiedTime":1724489743834}},{"hashValue":"c7fccb8b39a7ecb3b8e67514fc46a22d","name":"8007258465708139657","path":"F:\\jd\\zhinengjiaju\\entry\\.preview\\default\\intermediates\\res\\default\\module_compiled\\8007258465708139657","type":"file","isSymbolicLink":false,"fileMetaData":{"size":123,"lastModifiedTime":1724489743831}},{"hashValue":"29a0e0cd739043df3ee79cd31409f8af","name":"8145182134698925233","path":"F:\\jd\\zhinengjiaju\\entry\\.preview\\default\\intermediates\\res\\default\\module_compiled\\8145182134698925233","type":"file","isSymbolicLink":false,"fileMetaData":{"size":123,"lastModifiedTime":1724489743831}},{"hashValue":"ec899667b4f1f6ebd1497edba596e8d9","name":"8428653238372369340","path":"F:\\jd\\zhinengjiaju\\entry\\.preview\\default\\intermediates\\res\\default\\module_compiled\\8428653238372369340","type":"file","isSymbolicLink":false,"fileMetaData":{"size":422,"lastModifiedTime":1724489743828}},{"hashValue":"d0c2750bac3a250063e287d1a7bf1f6a","name":"9377011822118536731","path":"F:\\jd\\zhinengjiaju\\entry\\.preview\\default\\intermediates\\res\\default\\module_compiled\\9377011822118536731","type":"file","isSymbolicLink":false,"fileMetaData":{"size":139,"lastModifiedTime":1724489743836}},{"hashValue":"160d2faa71f21a8af5da55e21663e958","name":"9990235589487236352","path":"F:\\jd\\zhinengjiaju\\entry\\.preview\\default\\intermediates\\res\\default\\module_compiled\\9990235589487236352","type":"file","isSymbolicLink":false,"fileMetaData":{"size":139,"lastModifiedTime":1724489743834}}]},{"hashValue":"db63c54ef03d9753fe9f854c4edd84da","name":"module.json","path":"F:\\jd\\zhinengjiaju\\entry\\.preview\\default\\intermediates\\res\\default\\module.json","type":"file","isSymbolicLink":false,"fileMetaData":{"size":2048,"lastModifiedTime":1724489743902}},{"hashValue":"21af6d743d0c81f50edd29c24e19d05d","name":"resources","path":"F:\\jd\\zhinengjiaju\\entry\\.preview\\default\\intermediates\\res\\default\\resources","type":"directory","isSymbolicLink":false,"children":[{"hashValue":"92c4a27cb288e53325ef4de02e4c34d2","name":"base","path":"F:\\jd\\zhinengjiaju\\entry\\.preview\\default\\intermediates\\res\\default\\resources\\base","type":"directory","isSymbolicLink":false,"children":[{"hashValue":"8bdacc0b7d3bf3d2279e47c710d6c52c","name":"profile","path":"F:\\jd\\zhinengjiaju\\entry\\.preview\\default\\intermediates\\res\\default\\resources\\base\\profile","type":"directory","isSymbolicLink":false,"children":[{"hashValue":"e8f0c1f30c415364e8aa6485edfad022","name":"main_pages.json","path":"F:\\jd\\zhinengjiaju\\entry\\.preview\\default\\intermediates\\res\\default\\resources\\base\\profile\\main_pages.json","type":"file","isSymbolicLink":false,"fileMetaData":{"size":23,"lastModifiedTime":1724489743918}}]}]},{"hashValue":"0136767265d4fe190640b868d588d259","name":"rawfile","path":"F:\\jd\\zhinengjiaju\\entry\\.preview\\default\\intermediates\\res\\default\\resources\\rawfile","type":"directory","isSymbolicLink":false,"children":[{"hashValue":"8a2d0cbedc072c6977d4a66acbf304ad","name":"image","path":"F:\\jd\\zhinengjiaju\\entry\\.preview\\default\\intermediates\\res\\default\\resources\\rawfile\\image","type":"directory","isSymbolicLink":false,"children":[{"hashValue":"c837cf75d0ac3c0a7059575735e76921","name":"湿度.png","path":"F:\\jd\\zhinengjiaju\\entry\\.preview\\default\\intermediates\\res\\default\\resources\\rawfile\\image\\湿度.png","type":"file","isSymbolicLink":false,"fileMetaData":{"size":5110,"lastModifiedTime":1715522229862}},{"hashValue":"8bdd0a1ec5ae1d598bd58c8be9729cbb","name":"太阳.png","path":"F:\\jd\\zhinengjiaju\\entry\\.preview\\default\\intermediates\\res\\default\\resources\\rawfile\\image\\太阳.png","type":"file","isSymbolicLink":false,"fileMetaData":{"size":4347,"lastModifiedTime":1715521963107}},{"hashValue":"dc5e79fb0773248d0e78deddbf5f683f","name":"天气.png","path":"F:\\jd\\zhinengjiaju\\entry\\.preview\\default\\intermediates\\res\\default\\resources\\rawfile\\image\\天气.png","type":"file","isSymbolicLink":false,"fileMetaData":{"size":4852,"lastModifiedTime":1715522249080}},{"hashValue":"5a30a4afad33fea661dcea7f444a63c3","name":"温度.png","path":"F:\\jd\\zhinengjiaju\\entry\\.preview\\default\\intermediates\\res\\default\\resources\\rawfile\\image\\温度.png","type":"file","isSymbolicLink":false,"fileMetaData":{"size":3374,"lastModifiedTime":1715522196410}},{"hashValue":"11f2fc4029a8747d0ce4a1280d1f61bf","name":"abbn1(cked).png","path":"F:\\jd\\zhinengjiaju\\entry\\.preview\\default\\intermediates\\res\\default\\resources\\rawfile\\image\\abbn1(cked).png","type":"file","isSymbolicLink":false,"fileMetaData":{"size":2716,"lastModifiedTime":1715527187194}},{"hashValue":"50d3031bdfc35f962ccec3bee1b82e75","name":"abbn1(uncked).png","path":"F:\\jd\\zhinengjiaju\\entry\\.preview\\default\\intermediates\\res\\default\\resources\\rawfile\\image\\abbn1(uncked).png","type":"file","isSymbolicLink":false,"fileMetaData":{"size":2714,"lastModifiedTime":1715527192769}},{"hashValue":"e8397a7fadf25f85ca9ebc097330215a","name":"tabbtn2(cked).png","path":"F:\\jd\\zhinengjiaju\\entry\\.preview\\default\\intermediates\\res\\default\\resources\\rawfile\\image\\tabbtn2(cked).png","type":"file","isSymbolicLink":false,"fileMetaData":{"size":2171,"lastModifiedTime":1715526809482}},{"hashValue":"eccd931821056e92132200e47c22700f","name":"tabbtn2(uncked).png","path":"F:\\jd\\zhinengjiaju\\entry\\.preview\\default\\intermediates\\res\\default\\resources\\rawfile\\image\\tabbtn2(uncked).png","type":"file","isSymbolicLink":false,"fileMetaData":{"size":2208,"lastModifiedTime":1715526801819}},{"hashValue":"c5e8e9ff55f40cbb68ec79e4aa052997","name":"tabbtn3(cked).png","path":"F:\\jd\\zhinengjiaju\\entry\\.preview\\default\\intermediates\\res\\default\\resources\\rawfile\\image\\tabbtn3(cked).png","type":"file","isSymbolicLink":false,"fileMetaData":{"size":2451,"lastModifiedTime":1715527284533}},{"hashValue":"769b57792d4c9ff17f4e1f33c3888439","name":"tabbtn3(uncked).png","path":"F:\\jd\\zhinengjiaju\\entry\\.preview\\default\\intermediates\\res\\default\\resources\\rawfile\\image\\tabbtn3(uncked).png","type":"file","isSymbolicLink":false,"fileMetaData":{"size":2804,"lastModifiedTime":1715527291302}}]},{"hashValue":"114939b62926266e395a8445cece6a55","name":"imagefor1","path":"F:\\jd\\zhinengjiaju\\entry\\.preview\\default\\intermediates\\res\\default\\resources\\rawfile\\imagefor1","type":"directory","isSymbolicLink":false,"children":[{"hashValue":"c625a948773930d744ce960d07b7a703","name":"出门警戒.png","path":"F:\\jd\\zhinengjiaju\\entry\\.preview\\default\\intermediates\\res\\default\\resources\\rawfile\\imagefor1\\出门警戒.png","type":"file","isSymbolicLink":false,"fileMetaData":{"size":11881,"lastModifiedTime":1724209887159}},{"hashValue":"043bc67db9f42ccc5ff6df9b1776a4ca","name":"人脸识别.png","path":"F:\\jd\\zhinengjiaju\\entry\\.preview\\default\\intermediates\\res\\default\\resources\\rawfile\\imagefor1\\人脸识别.png","type":"file","isSymbolicLink":false,"fileMetaData":{"size":13082,"lastModifiedTime":1724209852743}},{"hashValue":"319a2e5d000e22b5eca2a12fcad4f419","name":"三横线.png","path":"F:\\jd\\zhinengjiaju\\entry\\.preview\\default\\intermediates\\res\\default\\resources\\rawfile\\imagefor1\\三横线.png","type":"file","isSymbolicLink":false,"fileMetaData":{"size":2301,"lastModifiedTime":1724212645259}},{"hashValue":"81815c4bda89493a2afcb16afbbf5ce4","name":"手势识别.png","path":"F:\\jd\\zhinengjiaju\\entry\\.preview\\default\\intermediates\\res\\default\\resources\\rawfile\\imagefor1\\手势识别.png","type":"file","isSymbolicLink":false,"fileMetaData":{"size":13292,"lastModifiedTime":1724209862688}},{"hashValue":"41724d9eaba072a549b3ca9f5df0c8f2","name":"首页.png","path":"F:\\jd\\zhinengjiaju\\entry\\.preview\\default\\intermediates\\res\\default\\resources\\rawfile\\imagefor1\\首页.png","type":"file","isSymbolicLink":false,"fileMetaData":{"size":3816,"lastModifiedTime":1724212927355}},{"hashValue":"346b0bbf4f9c244d5fe073c9015f2ad8","name":"添加.png","path":"F:\\jd\\zhinengjiaju\\entry\\.preview\\default\\intermediates\\res\\default\\resources\\rawfile\\imagefor1\\添加.png","type":"file","isSymbolicLink":false,"fileMetaData":{"size":15780,"lastModifiedTime":1724209811841}},{"hashValue":"e2caef08dc7b33b98df14ebf6c5fe563","name":"语音识别.png","path":"F:\\jd\\zhinengjiaju\\entry\\.preview\\default\\intermediates\\res\\default\\resources\\rawfile\\imagefor1\\语音识别.png","type":"file","isSymbolicLink":false,"fileMetaData":{"size":12014,"lastModifiedTime":1724209829629}},{"hashValue":"87bcb02de1e0a8dbb9a1ce5ecb1f2977","name":"智能助手提醒.png","path":"F:\\jd\\zhinengjiaju\\entry\\.preview\\default\\intermediates\\res\\default\\resources\\rawfile\\imagefor1\\智能助手提醒.png","type":"file","isSymbolicLink":false,"fileMetaData":{"size":14574,"lastModifiedTime":1724209914387}},{"hashValue":"cc3cf0ed00aad0f0add90f0d43de23df","name":"姿态识别.png","path":"F:\\jd\\zhinengjiaju\\entry\\.preview\\default\\intermediates\\res\\default\\resources\\rawfile\\imagefor1\\姿态识别.png","type":"file","isSymbolicLink":false,"fileMetaData":{"size":11614,"lastModifiedTime":1724209876714}},{"hashValue":"2774204dedfd016350fc527c14f0d03b","name":"myHOME.png","path":"F:\\jd\\zhinengjiaju\\entry\\.preview\\default\\intermediates\\res\\default\\resources\\rawfile\\imagefor1\\myHOME.png","type":"file","isSymbolicLink":false,"fileMetaData":{"size":16000,"lastModifiedTime":1724212564537}}]}]}]},{"hashValue":"c214a48d3306f26651bffc4eeb9557c4","name":"resources.index","path":"F:\\jd\\zhinengjiaju\\entry\\.preview\\default\\intermediates\\res\\default\\resources.index","type":"file","isSymbolicLink":false,"fileMetaData":{"size":1094,"lastModifiedTime":1724489743902}},{"hashValue":"c154c7c06ce18f5f7e7a0b4e4b8a0900","name":"ResourceTable.txt","path":"F:\\jd\\zhinengjiaju\\entry\\.preview\\default\\intermediates\\res\\default\\ResourceTable.txt","type":"file","isSymbolicLink":false,"fileMetaData":{"size":248,"lastModifiedTime":1724489743904}}]},"F:\\jd\\zhinengjiaju\\entry\\.preview\\default\\generated\\r\\default\\ResourceTable.h":{"hashValue":"d43a41c50600d23b4a52251d6e56f7a7","name":"ResourceTable.h","path":"F:\\jd\\zhinengjiaju\\entry\\.preview\\default\\generated\\r\\default\\ResourceTable.h","type":"file","isSymbolicLink":false,"fileMetaData":{"size":1090,"lastModifiedTime":1724489743903}},"F:\\jd\\zhinengjiaju\\entry\\.preview\\default\\generated\\r\\default":{"hashValue":"76c842547fc7602cdaadae709b030508","name":"default","path":"F:\\jd\\zhinengjiaju\\entry\\.preview\\default\\generated\\r\\default","type":"directory","isSymbolicLink":false,"children":[{"hashValue":"d43a41c50600d23b4a52251d6e56f7a7","name":"ResourceTable.h","path":"F:\\jd\\zhinengjiaju\\entry\\.preview\\default\\generated\\r\\default\\ResourceTable.h","type":"file","isSymbolicLink":false,"fileMetaData":{"size":1090,"lastModifiedTime":1724489743903}}]},"F:\\jd\\zhinengjiaju\\entry\\.preview\\config\\buildConfig.json":{"hashValue":"221d68b805ff3f41526b875d788947c7","name":"buildConfig.json","path":"F:\\jd\\zhinengjiaju\\entry\\.preview\\config\\buildConfig.json","type":"file","isSymbolicLink":false,"fileMetaData":{"size":1528,"lastModifiedTime":1724489749030}},"F:\\jd\\zhinengjiaju\\entry\\.preview\\default\\intermediates\\res\\default\\module.json":{"hashValue":"db63c54ef03d9753fe9f854c4edd84da","name":"module.json","path":"F:\\jd\\zhinengjiaju\\entry\\.preview\\default\\intermediates\\res\\default\\module.json","type":"file","isSymbolicLink":false,"fileMetaData":{"size":2048,"lastModifiedTime":1724489743902}},"F:\\jd\\zhinengjiaju\\entry\\.preview\\default\\intermediates\\res\\default\\resources\\base\\profile\\main_pages.json":{"hashValue":"7c9ccdb27d82b9b1a31eefd25081fe92","name":"main_pages.json","path":"F:\\jd\\zhinengjiaju\\entry\\.preview\\default\\intermediates\\res\\default\\resources\\base\\profile\\main_pages.json","type":"file","isSymbolicLink":false,"fileMetaData":{"size":23,"lastModifiedTime":1724489752726}},"F:\\jd\\zhinengjiaju\\entry\\.preview\\default\\intermediates\\loader\\default":{"hashValue":"344faa5b41f6de6d4431406a38453fd3","name":"default","path":"F:\\jd\\zhinengjiaju\\entry\\.preview\\default\\intermediates\\loader\\default","type":"directory","isSymbolicLink":false,"children":[{"hashValue":"76269bd7ce8853fd7cae7123dd3f752e","name":"loader.json","path":"F:\\jd\\zhinengjiaju\\entry\\.preview\\default\\intermediates\\loader\\default\\loader.json","type":"file","isSymbolicLink":false,"fileMetaData":{"size":309,"lastModifiedTime":1724489743606}}]},"F:\\jd\\zhinengjiaju\\entry\\.preview\\default\\intermediates\\res\\default\\ResourceTable.txt":{"hashValue":"c154c7c06ce18f5f7e7a0b4e4b8a0900","name":"ResourceTable.txt","path":"F:\\jd\\zhinengjiaju\\entry\\.preview\\default\\intermediates\\res\\default\\ResourceTable.txt","type":"file","isSymbolicLink":false,"fileMetaData":{"size":248,"lastModifiedTime":1724489743904}},"F:\\jd\\zhinengjiaju\\entry\\.preview\\default\\intermediates\\res\\default\\resources\\base\\profile":{"hashValue":"546e8d446358a94b02bc5265d4c97dac","name":"profile","path":"F:\\jd\\zhinengjiaju\\entry\\.preview\\default\\intermediates\\res\\default\\resources\\base\\profile","type":"directory","isSymbolicLink":false,"children":[{"hashValue":"3c66277d93aeba767cca372455adb080","name":"main_pages.json","path":"F:\\jd\\zhinengjiaju\\entry\\.preview\\default\\intermediates\\res\\default\\resources\\base\\profile\\main_pages.json","type":"file","isSymbolicLink":false,"fileMetaData":{"size":23,"lastModifiedTime":1724489749440}}]},"F:\\jd\\zhinengjiaju\\entry\\src\\main\\ets":{"hashValue":"4ad0a6754a5479098910f9e7d305bcc4","name":"ets","path":"F:\\jd\\zhinengjiaju\\entry\\src\\main\\ets","type":"directory","isSymbolicLink":false,"children":[{"hashValue":"9b9d7dc9aae7e14012ac0fdc11918365","name":"entryability","path":"F:\\jd\\zhinengjiaju\\entry\\src\\main\\ets\\entryability","type":"directory","isSymbolicLink":false,"children":[{"hashValue":"0c80183362ceba9d96b59cf69b8ab0bf","name":"EntryAbility.ts","path":"F:\\jd\\zhinengjiaju\\entry\\src\\main\\ets\\entryability\\EntryAbility.ts","type":"file","isSymbolicLink":false,"fileMetaData":{"size":1417,"lastModifiedTime":1724146520981}}]},{"hashValue":"7f3edf8a0e6622714d5ba539448f0905","name":"pages","path":"F:\\jd\\zhinengjiaju\\entry\\src\\main\\ets\\pages","type":"directory","isSymbolicLink":false,"children":[{"hashValue":"cf96d8de750d78a1bf891d02c3eb1678","name":"Index.ets","path":"F:\\jd\\zhinengjiaju\\entry\\src\\main\\ets\\pages\\Index.ets","type":"file","isSymbolicLink":false,"fileMetaData":{"size":1987,"lastModifiedTime":1724489726659}}]},{"hashValue":"ef6843dd585751f542dd313ca76c1b76","name":"view","path":"F:\\jd\\zhinengjiaju\\entry\\src\\main\\ets\\view","type":"directory","isSymbolicLink":false,"children":[{"hashValue":"7ed2ec985160c4138b933a215edcb115","name":"myHome","path":"F:\\jd\\zhinengjiaju\\entry\\src\\main\\ets\\view\\myHome","type":"directory","isSymbolicLink":false,"children":[{"hashValue":"60b59bfa33ae77f0c02fd6aa92a55a14","name":"myHome.ets","path":"F:\\jd\\zhinengjiaju\\entry\\src\\main\\ets\\view\\myHome\\myHome.ets","type":"file","isSymbolicLink":false,"fileMetaData":{"size":4001,"lastModifiedTime":1724214210149}}]},{"hashValue":"4c98784f6185d53955694373a96c274b","name":"roomCondition","path":"F:\\jd\\zhinengjiaju\\entry\\src\\main\\ets\\view\\roomCondition","type":"directory","isSymbolicLink":false,"children":[{"hashValue":"91e5fce611d6c063fb0f13ece402ff48","name":"roomConditon.ets","path":"F:\\jd\\zhinengjiaju\\entry\\src\\main\\ets\\view\\roomCondition\\roomConditon.ets","type":"file","isSymbolicLink":false,"fileMetaData":{"size":4301,"lastModifiedTime":1724215326913}}]},{"hashValue":"a8d157177b8e82a7ed48a5cec98a8b84","name":"the3rd","path":"F:\\jd\\zhinengjiaju\\entry\\src\\main\\ets\\view\\the3rd","type":"directory","isSymbolicLink":false,"children":[{"hashValue":"745eaf1b0ef2c76b9122547b8a19682c","name":"controlPage.ets","path":"F:\\jd\\zhinengjiaju\\entry\\src\\main\\ets\\view\\the3rd\\controlPage.ets","type":"file","isSymbolicLink":false,"fileMetaData":{"size":12068,"lastModifiedTime":1724489739550}}]}]}]},"F:\\jd\\zhinengjiaju\\entry\\.preview\\default\\intermediates\\loader_out\\default\\ets":{"hashValue":"","name":"emptyroot","path":"","type":"unknown","isSymbolicLink":false,"children":[]}}